{
  "results": {
    "BTCUSDT": {
      "base": {
        "wr": 0.75,
        "pf": 1.197,
        "n": 12,
        "wpnl": 0.01599,
        "lpnl": 0.01335
      },
      "vol_filter": {
        "wr": 0.8571428571428571,
        "pf": 2.513,
        "n": 7,
        "wpnl": 0.00889,
        "lpnl": 0.00354
      },
      "rsi_filter": {
        "wr": 1.0,
        "pf": 99.0,
        "n": 8,
        "wpnl": 0.01364,
        "lpnl": 0
      },
      "both_filter": {
        "wr": 1.0,
        "pf": 99.0,
        "n": 5,
        "wpnl": 0.00786,
        "lpnl": 0
      }
    },
    "ETHUSDT": {
      "base": {
        "wr": 0.5,
        "pf": 0.476,
        "n": 20,
        "wpnl": 0.02282,
        "lpnl": 0.04795
      },
      "vol_filter": {
        "wr": 0.5454545454545454,
        "pf": 0.579,
        "n": 11,
        "wpnl": 0.01401,
        "lpnl": 0.02419
      },
      "rsi_filter": {
        "wr": 0.5263157894736842,
        "pf": 0.516,
        "n": 19,
        "wpnl": 0.02263,
        "lpnl": 0.0439
      },
      "both_filter": {
        "wr": 0.5454545454545454,
        "pf": 0.579,
        "n": 11,
        "wpnl": 0.01401,
        "lpnl": 0.02419
      }
    },
    "XRPUSDT": {
      "base": {
        "wr": 0.5952380952380952,
        "pf": 0.546,
        "n": 42,
        "wpnl": 0.06256,
        "lpnl": 0.11468
      },
      "vol_filter": {
        "wr": 0.5,
        "pf": 0.403,
        "n": 20,
        "wpnl": 0.02571,
        "lpnl": 0.06376
      },
      "rsi_filter": {
        "wr": 0.6153846153846154,
        "pf": 0.655,
        "n": 26,
        "wpnl": 0.04169,
        "lpnl": 0.06363
      },
      "both_filter": {
        "wr": 0.5333333333333333,
        "pf": 0.491,
        "n": 15,
        "wpnl": 0.0221,
        "lpnl": 0.04501
      }
    },
    "LINKUSDT": {
      "base": {
        "wr": 0.6666666666666666,
        "pf": 0.965,
        "n": 6,
        "wpnl": 0.01363,
        "lpnl": 0.01412
      },
      "vol_filter": {
        "wr": 0.6,
        "pf": 0.691,
        "n": 5,
        "wpnl": 0.00975,
        "lpnl": 0.01412
      },
      "rsi_filter": null,
      "both_filter": null
    },
    "HYPEUSDT": {
      "base": {
        "wr": 0.6923076923076923,
        "pf": 0.978,
        "n": 13,
        "wpnl": 0.04369,
        "lpnl": 0.04469
      },
      "vol_filter": {
        "wr": 1.0,
        "pf": 99.0,
        "n": 5,
        "wpnl": 0.02979,
        "lpnl": 0
      },
      "rsi_filter": {
        "wr": 0.75,
        "pf": 0.894,
        "n": 8,
        "wpnl": 0.02672,
        "lpnl": 0.02989
      },
      "both_filter": null
    },
    "SUIUSDT": {
      "base": {
        "wr": 0.8636363636363636,
        "pf": 3.432,
        "n": 22,
        "wpnl": 0.10038,
        "lpnl": 0.02925
      },
      "vol_filter": {
        "wr": 0.875,
        "pf": 4.363,
        "n": 8,
        "wpnl": 0.02793,
        "lpnl": 0.0064
      },
      "rsi_filter": {
        "wr": 0.7777777777777778,
        "pf": 1.84,
        "n": 9,
        "wpnl": 0.03089,
        "lpnl": 0.01679
      },
      "both_filter": {
        "wr": 0.8333333333333334,
        "pf": 3.503,
        "n": 6,
        "wpnl": 0.02243,
        "lpnl": 0.0064
      }
    },
    "TONUSDT": {
      "base": {
        "wr": 0.7282608695652174,
        "pf": 1.511,
        "n": 92,
        "wpnl": 0.86271,
        "lpnl": 0.57083
      },
      "vol_filter": {
        "wr": 0.6875,
        "pf": 1.271,
        "n": 48,
        "wpnl": 0.43489,
        "lpnl": 0.34209
      },
      "rsi_filter": {
        "wr": 0.7272727272727273,
        "pf": 1.521,
        "n": 66,
        "wpnl": 0.62347,
        "lpnl": 0.40998
      },
      "both_filter": {
        "wr": 0.6818181818181818,
        "pf": 1.248,
        "n": 44,
        "wpnl": 0.40378,
        "lpnl": 0.32349
      }
    },
    "DOGEUSDT": {
      "base": {
        "wr": 0.6428571428571429,
        "pf": 1.378,
        "n": 70,
        "wpnl": 0.32059,
        "lpnl": 0.23272
      },
      "vol_filter": {
        "wr": 0.5555555555555556,
        "pf": 0.994,
        "n": 45,
        "wpnl": 0.17721,
        "lpnl": 0.17828
      },
      "rsi_filter": {
        "wr": 0.5636363636363636,
        "pf": 1.08,
        "n": 55,
        "wpnl": 0.22104,
        "lpnl": 0.20471
      },
      "both_filter": {
        "wr": 0.5641025641025641,
        "pf": 1.068,
        "n": 39,
        "wpnl": 0.15457,
        "lpnl": 0.14478
      }
    }
  },
  "best": {
    "BTCUSDT": {
      "best_pf": 99.0,
      "rec": "双重过滤"
    },
    "ETHUSDT": {
      "best_pf": 0.579,
      "rec": "双重过滤"
    },
    "XRPUSDT": {
      "best_pf": 0.655,
      "rec": "RSI过滤"
    },
    "LINKUSDT": {
      "best_pf": 0.965,
      "rec": "保持基础"
    },
    "HYPEUSDT": {
      "best_pf": 99.0,
      "rec": "成交量过滤"
    },
    "SUIUSDT": {
      "best_pf": 4.363,
      "rec": "成交量过滤"
    },
    "TONUSDT": {
      "best_pf": 1.521,
      "rec": "RSI过滤"
    },
    "DOGEUSDT": {
      "best_pf": 1.378,
      "rec": "保持基础"
    }
  }
}