{
  "ts": "2026-05-14T03:15:14.280228+00:00",
  "source": "binance_api_live",
  "params": {
    "BTCUSDT": {
      "sc": 3,
      "lc": 4,
      "ccp": 0.001,
      "adx_th": 15,
      "tp_s": 0.6,
      "sl": 1.5,
      "n": 68,
      "wr": 0.8235294117647058,
      "pf": 1.446586982821378,
      "pnl": 0.059806893342052386,
      "long_ok": true
    },
    "ETHUSDT": {
      "sc": 5,
      "lc": 3,
      "ccp": 0.0015,
      "adx_th": 15,
      "tp_s": 0.6,
      "sl": 1.5,
      "n": 63,
      "wr": 0.8571428571428571,
      "pf": 1.6940933058452325,
      "pnl": 0.09705590300751296,
      "long_ok": true
    },
    "SOLUSDT": {
      "sc": 6,
      "lc": 5,
      "ccp": 0.001,
      "adx_th": 25,
      "tp_s": 0.8,
      "sl": 1.5,
      "n": 13,
      "wr": 0.9230769230769231,
      "pf": 5.158489872906689,
      "pnl": 0.0879613823964665,
      "long_ok": true
    },
    "BNBUSDT": {
      "sc": 3,
      "lc": 3,
      "ccp": 0.0015,
      "adx_th": 20,
      "tp_s": 0.6,
      "sl": 1.5,
      "n": 53,
      "wr": 0.7169811320754716,
      "pf": 0.6562916119488714,
      "pnl": -0.06945772033891628,
      "long_ok": false
    },
    "LINKUSDT": {
      "sc": 4,
      "lc": 3,
      "ccp": 0.003,
      "adx_th": 15,
      "tp_s": 0.8,
      "sl": 1.5,
      "n": 34,
      "wr": 0.7941176470588235,
      "pf": 1.8621739693699682,
      "pnl": 0.11859413208989728,
      "long_ok": false
    },
    "POLUSDT": {
      "sc": 3,
      "lc": 3,
      "ccp": 0.001,
      "adx_th": 15,
      "tp_s": 0.6,
      "sl": 1.5,
      "n": 44,
      "wr": 0.7045454545454546,
      "pf": 0.7773862041256079,
      "pnl": -0.05453967702872367,
      "long_ok": false
    },
    "DOTUSDT": {
      "sc": 4,
      "lc": 4,
      "ccp": 0.001,
      "adx_th": 30,
      "tp_s": 0.6,
      "sl": 1.0,
      "n": 15,
      "wr": 0.8666666666666667,
      "pf": 2.804439295859724,
      "pnl": 0.08210109152115624,
      "long_ok": true
    },
    "SUIUSDT": {
      "sc": 6,
      "lc": 4,
      "ccp": 0.001,
      "adx_th": 25,
      "tp_s": 0.6,
      "sl": 1.5,
      "n": 21,
      "wr": 0.9523809523809523,
      "pf": 11.316337426744933,
      "pnl": 0.2788864586322789,
      "long_ok": true
    }
  }
}