{
  "ts": "2026-05-15T06:26:21.430023+00:00",
  "source": "binance_api_live",
  "params": {
    "BTCUSDT": {
      "sc": 3,
      "lc": 4,
      "ccp": 0.001,
      "adx_th": 15,
      "tp_s": 0.6,
      "sl": 1.5,
      "n": 65,
      "wr": 0.8,
      "pf": 1.1169685773773823,
      "pnl": 0.017128477385402324,
      "long_ok": true
    },
    "ETHUSDT": {
      "sc": 5,
      "lc": 3,
      "ccp": 0.0015,
      "adx_th": 15,
      "tp_s": 0.6,
      "sl": 1.5,
      "n": 65,
      "wr": 0.8307692307692308,
      "pf": 1.362918726809977,
      "pnl": 0.05883368658254698,
      "long_ok": true
    },
    "SOLUSDT": {
      "sc": 7,
      "lc": 5,
      "ccp": 0.001,
      "adx_th": 15,
      "tp_s": 0.8,
      "sl": 1.5,
      "n": 16,
      "wr": 0.875,
      "pf": 3.8942322748237497,
      "pnl": 0.09913292373410451,
      "long_ok": true
    },
    "BNBUSDT": {
      "sc": 3,
      "lc": 3,
      "ccp": 0.0015,
      "adx_th": 15,
      "tp_s": 0.6,
      "sl": 1.5,
      "n": 61,
      "wr": 0.7049180327868853,
      "pf": 0.6260701452297797,
      "pnl": -0.09124579909553882,
      "long_ok": false
    },
    "LINKUSDT": {
      "sc": 4,
      "lc": 3,
      "ccp": 0.003,
      "adx_th": 15,
      "tp_s": 0.8,
      "sl": 1.5,
      "n": 33,
      "wr": 0.7878787878787878,
      "pf": 1.701395112306669,
      "pnl": 0.10265687361966941,
      "long_ok": false
    },
    "POLUSDT": {
      "sc": 3,
      "lc": 3,
      "ccp": 0.001,
      "adx_th": 25,
      "tp_s": 1.2,
      "sl": 1.5,
      "n": 24,
      "wr": 0.75,
      "pf": 2.325812483600315,
      "pnl": 0.14069740589722396,
      "long_ok": false
    },
    "DOTUSDT": {
      "sc": 4,
      "lc": 4,
      "ccp": 0.001,
      "adx_th": 30,
      "tp_s": 0.6,
      "sl": 1.5,
      "n": 15,
      "wr": 0.9333333333333333,
      "pf": 3.7985668669487826,
      "pnl": 0.10666656554511432,
      "long_ok": true
    },
    "SUIUSDT": {
      "sc": 6,
      "lc": 4,
      "ccp": 0.001,
      "adx_th": 25,
      "tp_s": 0.6,
      "sl": 1.5,
      "n": 21,
      "wr": 0.9523809523809523,
      "pf": 11.43815570793756,
      "pnl": 0.2820785856855726,
      "long_ok": true
    }
  }
}