{
  "TONUSDT": {
    "wr": 0.9444444444444444,
    "pf": 17.29,
    "n": 18,
    "sharpe": 196.15,
    "max_dd": 0.008,
    "score": 194.531,
    "sc": 4,
    "lc": 4,
    "ccp": 0.001,
    "adx_th": 20,
    "tp_m": 0.8,
    "sl_m": 1.0
  },
  "SUIUSDT": {
    "wr": 0.9375,
    "pf": 8.806,
    "n": 16,
    "sharpe": 172.9,
    "max_dd": 0.008,
    "score": 171.492,
    "sc": 5,
    "lc": 4,
    "ccp": 0.001,
    "adx_th": 20,
    "tp_m": 0.6,
    "sl_m": 2.0
  },
  "POLUSDT": {
    "wr": 0.9473684210526315,
    "pf": 3.485,
    "n": 19,
    "sharpe": 87.44,
    "max_dd": 0.008,
    "score": 86.744,
    "sc": 5,
    "lc": 3,
    "ccp": 0.002,
    "adx_th": 20,
    "tp_m": 0.6,
    "sl_m": 2.0
  },
  "DOTUSDT": {
    "wr": 0.875,
    "pf": 2.747,
    "n": 8,
    "sharpe": 84.54,
    "max_dd": 0.008,
    "score": 83.853,
    "sc": 4,
    "lc": 4,
    "ccp": 0.001,
    "adx_th": 30,
    "tp_m": 0.6,
    "sl_m": 1.0
  },
  "SOLUSDT": {
    "wr": 0.9,
    "pf": 2.554,
    "n": 20,
    "sharpe": 63.86,
    "max_dd": 0.008,
    "score": 63.341,
    "sc": 5,
    "lc": 4,
    "ccp": 0.001,
    "adx_th": 20,
    "tp_m": 1.0,
    "sl_m": 1.5
  },
  "DOGEUSDT": {
    "wr": 0.8518518518518519,
    "pf": 1.928,
    "n": 27,
    "sharpe": 46.86,
    "max_dd": 0.01,
    "score": 46.405,
    "sc": 3,
    "lc": 3,
    "ccp": 0.001,
    "adx_th": 25,
    "tp_m": 0.6,
    "sl_m": 1.0
  },
  "BTCUSDT": {
    "wr": 0.8235294117647058,
    "pf": 3.097,
    "n": 17,
    "sharpe": 78.57,
    "max_dd": 0.004,
    "score": 78.237,
    "sc": 5,
    "lc": 4,
    "ccp": 0.001,
    "adx_th": 25,
    "tp_m": 0.6,
    "sl_m": 2.0
  },
  "XRPUSDT": {
    "wr": 0.9166666666666666,
    "pf": 2.056,
    "n": 12,
    "sharpe": 45.37,
    "max_dd": 0.013,
    "score": 44.793,
    "sc": 4,
    "lc": 4,
    "ccp": 0.001,
    "adx_th": 30,
    "tp_m": 1.5,
    "sl_m": 2.0
  }
}