{
  "cv5": {
    "BTCUSDT": {
      "fold_wrs": [
        52.2,
        58.1,
        66.2,
        54.1,
        54.2
      ],
      "avg": 56.96,
      "worst": 52.2,
      "pass": true
    },
    "LINKUSDT": {
      "fold_wrs": [
        61.3,
        80.0,
        70.0,
        65.1,
        66.7
      ],
      "avg": 68.61999999999999,
      "worst": 61.3,
      "pass": true
    },
    "POLUSDT": {
      "fold_wrs": [
        45.0,
        57.8,
        50.0,
        67.9,
        54.1
      ],
      "avg": 54.96,
      "worst": 45.0,
      "pass": false
    },
    "ETHUSDT": {
      "fold_wrs": [
        52.7,
        75.0,
        51.9,
        75.8,
        67.1
      ],
      "avg": 64.5,
      "worst": 51.9,
      "pass": true
    },
    "SOLUSDT": {
      "fold_wrs": [
        52.0,
        63.9,
        62.5,
        56.2,
        58.3
      ],
      "avg": 58.580000000000005,
      "worst": 52.0,
      "pass": true
    },
    "BNBUSDT": {
      "fold_wrs": [
        64.7,
        65.1,
        53.3,
        55.9,
        59.6
      ],
      "avg": 59.720000000000006,
      "worst": 53.3,
      "pass": true
    }
  },
  "max_consec_loss": {
    "BTCUSDT": {
      "max_consec": 7,
      "max_single_loss": -1.542,
      "max_dd": 24.4
    },
    "LINKUSDT": {
      "max_consec": 3,
      "max_single_loss": -1.14,
      "max_dd": 12.3
    },
    "POLUSDT": {
      "max_consec": 6,
      "max_single_loss": -0.429,
      "max_dd": 11.6
    },
    "ETHUSDT": {
      "max_consec": 4,
      "max_single_loss": -1.333,
      "max_dd": 21.2
    },
    "SOLUSDT": {
      "max_consec": 6,
      "max_single_loss": -0.786,
      "max_dd": 16.7
    },
    "BNBUSDT": {
      "max_consec": 5,
      "max_single_loss": -0.917,
      "max_dd": 13.1
    }
  },
  "monthly_matrix": {
    "BTCUSDT": {
      "2025-11": 9.5,
      "2025-12": 32.9,
      "2026-01": 30.9,
      "2026-02": 34.2,
      "2026-03": 6.2,
      "2026-04": 11.2,
      "2026-05": -1.9
    },
    "LINKUSDT": {
      "2025-11": 4.6,
      "2025-12": 5.3,
      "2026-01": 14.7,
      "2026-02": 10.6,
      "2026-03": 5.1,
      "2026-04": 6.3,
      "2026-05": 22.3
    },
    "POLUSDT": {
      "2025-11": 2.4,
      "2025-12": 12.2,
      "2026-01": -2.6,
      "2026-02": 1.6,
      "2026-03": 14.5,
      "2026-04": 1.4,
      "2026-05": 9.9
    },
    "ETHUSDT": {
      "2025-11": -5.8,
      "2025-12": 7.3,
      "2026-01": 7.2,
      "2026-02": 4.6,
      "2026-03": 39.2,
      "2026-04": 20.6,
      "2026-05": 23.9
    },
    "SOLUSDT": {
      "2025-11": 7.6,
      "2025-12": 1.1,
      "2026-01": 10.4,
      "2026-02": 9.4,
      "2026-03": -3.5,
      "2026-04": -1.4,
      "2026-05": 39.1
    },
    "BNBUSDT": {
      "2025-11": 19.0,
      "2025-12": 18.0,
      "2026-01": 25.7,
      "2026-02": -4.4,
      "2026-03": 5.4,
      "2026-04": 22.9,
      "2026-05": 3.0
    }
  },
  "monte_carlo": {
    "median": 295.9,
    "p10": 256.1,
    "p90": 331.6,
    "ruin_pct": 0.0,
    "loss_pct": 0.0
  }
}