{
  "BTCUSDT": {
    "in": {
      "wr": 68.6,
      "m": 32.4,
      "dd": 8.0,
      "pf": 2.14,
      "n": 156
    },
    "out": {
      "wr": 44.6,
      "m": -10.5,
      "dd": 31.2,
      "pf": 0.77,
      "n": 92
    },
    "drop": 23.999999999999993,
    "verdict": "🔴过拟合"
  },
  "LINKUSDT": {
    "in": {
      "wr": 68.9,
      "m": 9.7,
      "dd": 8.4,
      "pf": 1.55,
      "n": 106
    },
    "out": {
      "wr": 67.7,
      "m": 11.0,
      "dd": 12.3,
      "pf": 1.51,
      "n": 65
    },
    "drop": 1.2000000000000028,
    "verdict": "✅稳健"
  },
  "POLUSDT": {
    "in": {
      "wr": 57.5,
      "m": 5.8,
      "dd": 21.5,
      "pf": 1.18,
      "n": 167
    },
    "out": {
      "wr": 58.8,
      "m": 8.2,
      "dd": 11.4,
      "pf": 1.2,
      "n": 97
    },
    "drop": -1.2999999999999972,
    "verdict": "✅稳健"
  },
  "ETHUSDT": {
    "in": {
      "wr": 62.2,
      "m": 8.4,
      "dd": 21.2,
      "pf": 1.23,
      "n": 196
    },
    "out": {
      "wr": 71.1,
      "m": 31.0,
      "dd": 9.9,
      "pf": 1.74,
      "n": 114
    },
    "drop": -8.899999999999991,
    "verdict": "✅稳健"
  },
  "SOLUSDT": {
    "in": {
      "wr": 61.3,
      "m": 8.9,
      "dd": 15.4,
      "pf": 1.26,
      "n": 181
    },
    "out": {
      "wr": 55.9,
      "m": -0.3,
      "dd": 16.7,
      "pf": 0.99,
      "n": 93
    },
    "drop": 5.399999999999999,
    "verdict": "🟡谨慎"
  },
  "BNBUSDT": {
    "in": {
      "wr": 59.7,
      "m": 4.6,
      "dd": 13.5,
      "pf": 1.15,
      "n": 139
    },
    "out": {
      "wr": 63.2,
      "m": 11.8,
      "dd": 8.6,
      "pf": 1.34,
      "n": 87
    },
    "drop": -3.5,
    "verdict": "✅稳健"
  }
}